subject,index,condition,session,distance_to_null
NODEAP_06,1,S,S1D1,4.0885816
NODEAP_06,2,S,S1D2,4.391574
NODEAP_06,3,S,S2D1,3.7816215
NODEAP_06,4,C,S2D2,3.1022758
NODEAP_06,5,C,S3D1,2.8551013
NODEAP_06,6,S,S3D2,4.6629524
NODEAP_07,8,S,S1D1,3.8206384
NODEAP_07,9,S,S1D2,2.7101812
NODEAP_07,10,C,S2D1,3.0593843
NODEAP_07,11,S,S2D2,9.6227045
NODEAP_07,12,S,S3D1,2.268932
NODEAP_07,13,C,S3D2,2.2635794
NODEAP_08,15,C,S1D1,1.3549684
NODEAP_08,16,S,S1D2,2.2555964
NODEAP_08,17,S,S2D1,2.4291008
NODEAP_08,18,S,S2D2,1.7243559
NODEAP_08,19,S,S3D1,1.8898172
NODEAP_08,20,C,S3D2,1.5080377
NODEAP_09,22,S,S1D1,2.9366612
NODEAP_09,23,S,S1D2,2.3703065
NODEAP_09,24,S,S2D1,3.0706272
NODEAP_09,25,C,S2D2,3.0862148
NODEAP_09,26,C,S3D1,3.387867
NODEAP_09,27,S,S3D2,3.3491702
NODEAP_10,29,S,S1D1,3.0409126
NODEAP_10,30,S,S1D2,3.5495727
NODEAP_10,31,S,S2D1,2.606791
NODEAP_10,32,C,S2D2,1.4499056
NODEAP_10,33,C,S3D1,1.7171682
NODEAP_10,34,S,S3D2,3.110961
NODEAP_12,36,C,S1D1,3.2041209
NODEAP_12,37,S,S1D2,4.782513
NODEAP_12,38,S,S2D1,4.607016
NODEAP_12,39,C,S2D2,3.555241
NODEAP_12,40,S,S3D1,4.627351
NODEAP_12,41,S,S3D2,4.042633
NODEAP_13,43,S,S1D1,4.0981956
NODEAP_13,44,C,S1D2,3.3613145
NODEAP_13,45,S,S2D1,1.7301627
NODEAP_13,46,S,S2D2,2.8790088
NODEAP_13,47,C,S3D1,4.9175816
NODEAP_13,48,S,S3D2,3.2009473
NODEAP_15,50,S,S1D1,5.7722425
NODEAP_15,51,C,S1D2,2.224505
NODEAP_15,52,S,S2D1,4.199673
NODEAP_15,53,S,S2D2,4.0148635
NODEAP_15,54,C,S3D1,6.494491
NODEAP_15,55,S,S3D2,4.74137
NODEAP_16,57,S,S1D1,1.9499705
NODEAP_16,58,C,S1D2,4.1016726
NODEAP_16,59,S,S2D1,4.323636
NODEAP_16,60,S,S2D2,2.7633255
NODEAP_16,61,C,S3D1,1.6205102
NODEAP_16,62,S,S3D2,2.7754643
NODEAP_17,64,S,S1D1,5.590532
NODEAP_17,65,C,S1D2,5.5011306
NODEAP_17,66,C,S2D1,4.6802664
NODEAP_17,67,S,S2D2,6.22756
NODEAP_17,68,S,S3D1,4.737815
NODEAP_17,69,S,S3D2,4.6662197
NODEAP_24,71,S,S1D1,4.006113
NODEAP_24,72,S,S1D2,2.2896075
NODEAP_24,73,S,S2D1,2.9649782
NODEAP_24,74,C,S2D2,2.2985804
NODEAP_24,75,C,S3D1,3.4064496
NODEAP_24,76,S,S3D2,4.4754944
NODEAP_26,78,S,S1D1,2.0075998
NODEAP_26,79,C,S1D2,4.1965065
NODEAP_26,80,C,S2D1,3.4646616
NODEAP_26,81,S,S2D2,3.9572442
NODEAP_26,82,S,S3D1,2.691054
NODEAP_26,83,S,S3D2,3.6119466
NODEAP_30,85,S,S1D1,4.0630393
NODEAP_30,86,C,S1D2,3.8946016
NODEAP_30,87,C,S2D1,5.031633
NODEAP_30,88,S,S2D2,2.6972926
NODEAP_30,89,S,S3D1,4.861097
NODEAP_34,91,C,S1D1,2.4034522
NODEAP_34,92,S,S1D2,1.2647971
NODEAP_34,93,S,S2D1,1.9667296
NODEAP_34,94,S,S2D2,1.8680928
NODEAP_34,95,S,S3D1,2.6303556
NODEAP_34,96,C,S3D2,2.7409987
NODEAP_35,98,C,S1D1,2.8640318
NODEAP_35,99,S,S1D2,2.7196305
NODEAP_35,100,S,S2D1,2.3914316
NODEAP_35,101,C,S2D2,3.9769006
NODEAP_35,102,S,S3D1,2.72527
NODEAP_35,103,S,S3D2,2.72527
NODEAP_36,105,C,S1D1,2.6638434
NODEAP_36,106,S,S1D2,2.384737
NODEAP_36,107,S,S2D1,3.9246256
NODEAP_36,108,C,S2D2,2.105907
NODEAP_36,109,S,S3D1,3.655431
NODEAP_36,110,S,S3D2,3.1795506
NODEAP_39,112,S,S1D1,3.8414884
NODEAP_39,113,S,S1D2,4.7614098
NODEAP_39,114,S,S2D1,3.3799317
NODEAP_39,115,C,S2D2,4.559732
NODEAP_39,116,C,S3D1,5.4911547
NODEAP_39,117,S,S3D2,3.948645
NODEAP_41,119,S,S1D1,5.116978
NODEAP_41,120,C,S1D2,3.9765155
NODEAP_41,121,C,S2D1,6.6385202
NODEAP_41,122,S,S2D2,2.9585001
NODEAP_41,123,S,S3D1,4.875406
NODEAP_41,124,S,S3D2,4.2068634
NODEAP_43,126,C,S1D1,2.548187
NODEAP_43,127,S,S1D2,3.5725107
NODEAP_43,128,S,S2D1,3.4899936
NODEAP_43,129,C,S2D2,3.4348338
NODEAP_43,130,S,S3D1,3.2946959
NODEAP_43,131,S,S3D2,3.4372275
NODEAP_44,133,S,S1D2,3.3012261
NODEAP_44,134,S,S2D1,2.1664977
NODEAP_44,135,S,S2D2,3.1354523
NODEAP_44,136,S,S3D1,2.227624
NODEAP_44,137,C,S3D2,1.4834834
NODEAP_45,139,S,S1D1,1.8781561
NODEAP_45,140,S,S1D2,3.0452297
NODEAP_45,141,C,S2D1,2.0398028
NODEAP_45,142,S,S2D2,2.5995994
NODEAP_45,143,S,S3D1,2.2338014
NODEAP_45,144,C,S3D2,2.1709118
NODEAP_46,146,S,S1D1,2.3274972
NODEAP_46,147,C,S1D2,1.8628151
NODEAP_46,148,C,S2D1,2.8056996
NODEAP_46,149,S,S2D2,2.7293115
NODEAP_46,150,S,S3D1,2.9333298
NODEAP_46,151,S,S3D2,2.2580464
NODEAP_48,153,C,S1D1,2.420082
NODEAP_48,154,S,S1D2,2.906276
NODEAP_48,155,S,S2D1,2.03205
NODEAP_48,156,C,S2D2,4.545221
NODEAP_48,157,S,S3D1,1.4463589
NODEAP_48,158,S,S3D2,3.1181796
NODEAP_51,160,S,S1D1,7.111145
NODEAP_51,161,S,S1D2,3.2431762
NODEAP_51,162,S,S2D1,4.5087624
NODEAP_51,163,C,S2D2,2.936123
NODEAP_51,164,C,S3D1,5.469091
NODEAP_51,165,S,S3D2,4.150041
NODEAP_53,167,S,S1D1,3.1471639
NODEAP_53,168,C,S1D2,3.4983413
NODEAP_53,169,S,S2D1,2.771379
NODEAP_53,170,S,S2D2,2.772486
NODEAP_53,171,C,S3D1,3.8021595
NODEAP_53,172,S,S3D2,2.099124
NODEAP_55,174,S,S1D1,2.411996
NODEAP_55,175,S,S1D2,1.2644054e-07
NODEAP_55,176,C,S2D1,1.8165764
NODEAP_55,177,S,S2D2,3.174018
NODEAP_55,178,S,S3D1,2.8601465
NODEAP_55,179,C,S3D2,3.033627
NODEAP_56,181,S,S1D1,1.5328816
NODEAP_56,182,S,S1D2,2.8596065
NODEAP_56,183,S,S2D1,1.3158131
NODEAP_56,184,C,S2D2,2.0819933
NODEAP_56,185,C,S3D1,3.045923
NODEAP_56,186,S,S3D2,2.5788853
NODEAP_59,188,S,S1D1,6.272883
NODEAP_59,189,C,S1D2,5.4010515
NODEAP_59,190,C,S2D1,4.5134616
NODEAP_59,191,S,S2D2,4.82571
NODEAP_59,192,S,S3D1,4.09458
NODEAP_59,193,S,S3D2,4.5323277
NODEAP_60,195,C,S1D1,1.7735184
NODEAP_60,196,S,S1D2,3.1021466
NODEAP_60,197,S,S2D1,4.737581
NODEAP_60,198,S,S2D2,4.7848063
NODEAP_60,199,S,S3D1,2.2094176
NODEAP_60,200,C,S3D2,2.8879218
NODEAP_63,202,S,S1D1,2.6301253
NODEAP_63,203,S,S1D2,5.060259
NODEAP_63,204,C,S2D1,2.5784054
NODEAP_63,205,S,S2D2,4.040253
NODEAP_63,206,S,S3D1,2.788783
NODEAP_63,207,C,S3D2,2.8292503
NODEAP_64,209,C,S1D1,3.5075006
NODEAP_64,210,S,S1D2,3.0547652
NODEAP_64,211,S,S2D1,2.1441965
NODEAP_64,212,S,S2D2,3.6518817
NODEAP_64,213,S,S3D1,2.338308
NODEAP_64,214,C,S3D2,3.548437
NODEAP_65,216,C,S1D1,2.2399936
NODEAP_65,217,S,S1D2,3.365586
NODEAP_65,218,S,S2D1,4.061929
NODEAP_65,219,C,S2D2,2.706431
NODEAP_65,220,S,S3D1,1.8016895
NODEAP_65,221,S,S3D2,2.9999661
NODEAP_66,223,S,S1D1,2.081606
NODEAP_66,224,C,S1D2,4.0276704
NODEAP_66,225,C,S2D1,3.2196963
NODEAP_66,226,S,S2D2,3.1395042
NODEAP_66,227,S,S3D1,2.785914
NODEAP_66,228,S,S3D2,2.4238365
NODEAP_68,230,C,S1D1,2.0030944
NODEAP_68,231,S,S1D2,2.6033027
NODEAP_68,232,S,S2D1,2.4529405
NODEAP_68,233,S,S2D2,2.4170823
NODEAP_68,234,S,S3D1,1.8981216
NODEAP_68,235,C,S3D2,3.6949904
NODEAP_70,237,S,S1D1,3.6176245
NODEAP_70,238,S,S1D2,3.513236
NODEAP_70,239,C,S2D1,3.7430813
NODEAP_70,240,S,S2D2,3.8369331
NODEAP_70,241,S,S3D1,3.8678699
NODEAP_70,242,C,S3D2,4.183406
NODEAP_73,244,C,S1D1,4.6687436
NODEAP_73,245,S,S1D2,2.684245
NODEAP_73,246,S,S2D1,2.738645
NODEAP_73,247,C,S2D2,2.5421417
NODEAP_73,248,S,S3D1,2.7669237
NODEAP_73,249,S,S3D2,3.024928
NODEAP_74,251,S,S1D1,2.6060624
NODEAP_74,252,S,S1D2,2.520593
NODEAP_74,253,C,S2D1,1.852012
NODEAP_74,254,S,S2D2,4.2153883
NODEAP_74,255,S,S3D1,3.1266117
NODEAP_74,256,C,S3D2,2.3279326
NODEAP_76,258,S,S1D1,1.9886439
NODEAP_76,259,C,S1D2,2.104924
NODEAP_76,260,C,S2D1,2.332168
NODEAP_76,261,S,S2D2,2.8681083
NODEAP_76,262,S,S3D1,1.8065162
NODEAP_76,263,S,S3D2,3.819829
NODEAP_77,265,C,S1D1,2.6929922
NODEAP_77,266,S,S1D2,2.9976332
NODEAP_77,267,S,S2D1,1.6118687
NODEAP_77,268,S,S2D2,2.7878344
NODEAP_77,269,S,S3D1,2.4423625
NODEAP_77,270,C,S3D2,4.0594454
NODEAP_78,272,S,S1D1,0.0
NODEAP_78,273,C,S1D2,2.870093
NODEAP_78,274,S,S2D1,2.6889303
NODEAP_78,275,S,S2D2,1.8917882
NODEAP_78,276,C,S3D1,2.569113
NODEAP_78,277,S,S3D2,2.3212698
NODEAP_79,279,S,S1D1,2.9447663
NODEAP_79,280,C,S1D2,3.2986193
NODEAP_79,281,S,S2D1,4.392651
NODEAP_79,282,S,S2D2,3.3190634
NODEAP_79,283,C,S3D1,1.9371198
NODEAP_79,284,S,S3D2,2.005902
NODEAP_80,286,S,S1D1,1.5905182
NODEAP_80,287,C,S1D2,2.7554593
NODEAP_80,288,S,S2D1,2.3718278
NODEAP_80,289,S,S2D2,2.1862965
NODEAP_80,290,C,S3D1,3.2648757
NODEAP_80,291,S,S3D2,1.6731181
NODEAP_83,293,S,S1D1,4.832085
NODEAP_83,294,S,S1D2,2.4354851
NODEAP_83,295,C,S2D1,3.5259314
NODEAP_83,296,S,S2D2,4.360311
NODEAP_83,297,C,S3D2,2.4195619
NODEAP_84,299,S,S1D1,2.646855
NODEAP_84,300,S,S1D2,1.7913888
NODEAP_84,301,C,S2D1,1.622591
NODEAP_84,302,S,S2D2,2.1751902
NODEAP_84,303,S,S3D1,2.80457
NODEAP_84,304,C,S3D2,2.800382
NODEAP_85,306,C,S1D1,2.825448
NODEAP_85,307,S,S1D2,3.6800783
NODEAP_85,308,S,S2D1,2.6762192
NODEAP_85,309,S,S2D2,2.66392
NODEAP_85,310,S,S3D1,2.77095
NODEAP_85,311,C,S3D2,3.216906
NODEAP_86,313,C,S1D1,1.2390933
NODEAP_86,314,S,S1D2,2.2901754
NODEAP_86,315,S,S2D1,3.0814462
NODEAP_86,316,C,S2D2,2.7074192
NODEAP_86,317,S,S3D1,2.581885
NODEAP_86,318,S,S3D2,3.441236
